<metadata xml:lang="en"><Esri><CreaDate>20160919</CreaDate><CreaTime>17204000</CreaTime><ArcGISFormat>1.0</ArcGISFormat><SyncOnce>FALSE</SyncOnce><DataProperties><lineage><Process ToolSource="C:\Program Files\ArcGIS\Desktop10.0\ArcToolbox\Toolboxes\Data Management Tools.tbx\CalculateField" Date="20160616" Time="110338">CalculateField "High Crash Corridors" K_Crashes 2 VB #</Process><Process ToolSource="C:\Program Files\ArcGIS\Desktop10.0\ArcToolbox\Toolboxes\Data Management Tools.tbx\CalculateField" Date="20160616" Time="110918">CalculateField "High Crash Corridors" INDEX_3 "((([K_Crashes] + [A_Crashes]) *3) + [BC_Crashes]) / [MILES_1]" VB #</Process><Process ToolSource="C:\Program Files\ArcGIS\Desktop10.0\ArcToolbox\Toolboxes\Data Management Tools.tbx\CalculateField" Date="20160616" Time="110929">CalculateField "High Crash Corridors" INDEX_5 "((([K_Crashes] + [A_Crashes]) *5) + [BC_Crashes]) / [MILES_1]" VB #</Process><Process ToolSource="C:\Program Files\ArcGIS\Desktop10.0\ArcToolbox\Toolboxes\Data Management Tools.tbx\CalculateField" Date="20160616" Time="155629">CalculateField "High Crash Corridors" INDEX_3 "((([K_Crashes] + [A_Crashes]) *3) + [BC_Crashes]) / [MILES_1]" VB #</Process><Process ToolSource="C:\Program Files\ArcGIS\Desktop10.0\ArcToolbox\Toolboxes\Data Management Tools.tbx\CalculateField" Date="20160616" Time="155643">CalculateField "High Crash Corridors" INDEX_5 "((([K_Crashes] + [A_Crashes]) *5) + [BC_Crashes]) / [MILES_1]" VB #</Process><Process ToolSource="C:\Program Files\ArcGIS\Desktop10.0\ArcToolbox\Toolboxes\Data Management Tools.tbx\CalculateField" Date="20160616" Time="155816">CalculateField "High Crash Corridors" BC_Crashes 123 VB #</Process><Process ToolSource="C:\Program Files\ArcGIS\Desktop10.0\ArcToolbox\Toolboxes\Data Management Tools.tbx\CalculateField" Date="20160616" Time="155856">CalculateField "High Crash Corridors" A_Crashes 19 VB #</Process><Process ToolSource="C:\Program Files\ArcGIS\Desktop10.0\ArcToolbox\Toolboxes\Data Management Tools.tbx\CalculateField" Date="20160616" Time="155942">CalculateField "High Crash Corridors" INDEX_5 "((([K_Crashes] + [A_Crashes]) *5) + [BC_Crashes]) / [MILES_1]" VB #</Process><Process ToolSource="C:\Program Files\ArcGIS\Desktop10.0\ArcToolbox\Toolboxes\Data Management Tools.tbx\CalculateField" Date="20160621" Time="125402">CalculateField VZ_HighCrashCorridors Bicyclist_ 0 VB #</Process><Process ToolSource="C:\Program Files\ArcGIS\Desktop10.0\ArcToolbox\Toolboxes\Data Management Tools.tbx\CalculateField" Date="20160621" Time="133738">CalculateField VZ_HighCrashCorridors Wards '40, 48, 50' PYTHON_9.3 #</Process><Process ToolSource="C:\Program Files\ArcGIS\Desktop10.0\ArcToolbox\Toolboxes\Data Management Tools.tbx\CalculateField" Date="20160621" Time="133748">CalculateField VZ_HighCrashCorridors Wards ' ' PYTHON_9.3 #</Process><Process ToolSource="C:\Program Files\ArcGIS\Desktop10.0\ArcToolbox\Toolboxes\Data Management Tools.tbx\CalculateField" Date="20160621" Time="133807">CalculateField VZ_HighCrashCorridors Wards '40, 48, 50' PYTHON_9.3 #</Process><Process ToolSource="C:\Program Files\ArcGIS\Desktop10.0\ArcToolbox\Toolboxes\Data Management Tools.tbx\CalculateField" Date="20160621" Time="133823">CalculateField VZ_HighCrashCorridors Wards '40, 47' PYTHON_9.3 #</Process><Process ToolSource="C:\Program Files\ArcGIS\Desktop10.0\ArcToolbox\Toolboxes\Data Management Tools.tbx\CalculateField" Date="20160621" Time="133841">CalculateField VZ_HighCrashCorridors Wards '46, 47, 48' PYTHON_9.3 #</Process><Process ToolSource="C:\Program Files\ArcGIS\Desktop10.0\ArcToolbox\Toolboxes\Data Management Tools.tbx\CalculateField" Date="20160621" Time="133905">CalculateField VZ_HighCrashCorridors Wards '43, 44, 46, 47' PYTHON_9.3 #</Process><Process ToolSource="C:\Program Files\ArcGIS\Desktop10.0\ArcToolbox\Toolboxes\Data Management Tools.tbx\CalculateField" Date="20160621" Time="134012">CalculateField VZ_HighCrashCorridors Wards '30, 31, 33, 35' PYTHON_9.3 #</Process><Process ToolSource="C:\Program Files\ArcGIS\Desktop10.0\ArcToolbox\Toolboxes\Data Management Tools.tbx\CalculateField" Date="20160621" Time="134030">CalculateField VZ_HighCrashCorridors Wards '1, 32, 33' PYTHON_9.3 #</Process><Process ToolSource="C:\Program Files\ArcGIS\Desktop10.0\ArcToolbox\Toolboxes\Data Management Tools.tbx\CalculateField" Date="20160621" Time="134053">CalculateField VZ_HighCrashCorridors Wards '1, 30, 31, 32, 35, 36' PYTHON_9.3 #</Process><Process ToolSource="C:\Program Files\ArcGIS\Desktop10.0\ArcToolbox\Toolboxes\Data Management Tools.tbx\CalculateField" Date="20160621" Time="134112">CalculateField VZ_HighCrashCorridors Wards '1, 2, 32' PYTHON_9.3 #</Process><Process ToolSource="C:\Program Files\ArcGIS\Desktop10.0\ArcToolbox\Toolboxes\Data Management Tools.tbx\CalculateField" Date="20160621" Time="134131">CalculateField VZ_HighCrashCorridors Wards '1, 2, 32' PYTHON_9.3 #</Process><Process ToolSource="C:\Program Files\ArcGIS\Desktop10.0\ArcToolbox\Toolboxes\Data Management Tools.tbx\CalculateField" Date="20160621" Time="134145">CalculateField VZ_HighCrashCorridors Wards '1, 2, 27, 32' PYTHON_9.3 #</Process><Process ToolSource="C:\Program Files\ArcGIS\Desktop10.0\ArcToolbox\Toolboxes\Data Management Tools.tbx\CalculateField" Date="20160621" Time="134206">CalculateField VZ_HighCrashCorridors Wards '1, 2, 27, 42' PYTHON_9.3 #</Process><Process ToolSource="C:\Program Files\ArcGIS\Desktop10.0\ArcToolbox\Toolboxes\Data Management Tools.tbx\CalculateField" Date="20160621" Time="134223">CalculateField VZ_HighCrashCorridors Wards '2, 42, 43' PYTHON_9.3 #</Process><Process ToolSource="C:\Program Files\ArcGIS\Desktop10.0\ArcToolbox\Toolboxes\Data Management Tools.tbx\CalculateField" Date="20160621" Time="134245">CalculateField VZ_HighCrashCorridors Wards '29, 37' PYTHON_9.3 #</Process><Process ToolSource="C:\Program Files\ArcGIS\Desktop10.0\ArcToolbox\Toolboxes\Data Management Tools.tbx\CalculateField" Date="20160621" Time="134302">CalculateField VZ_HighCrashCorridors Wards '24, 28, 37' PYTHON_9.3 #</Process><Process ToolSource="C:\Program Files\ArcGIS\Desktop10.0\ArcToolbox\Toolboxes\Data Management Tools.tbx\CalculateField" Date="20160621" Time="134722">CalculateField VZ_HighCrashCorridors Wards '1, 26, 32' PYTHON_9.3 #</Process><Process ToolSource="C:\Program Files\ArcGIS\Desktop10.0\ArcToolbox\Toolboxes\Data Management Tools.tbx\CalculateField" Date="20160621" Time="134740">CalculateField VZ_HighCrashCorridors Wards '28, 29, 37' PYTHON_9.3 #</Process><Process ToolSource="C:\Program Files\ArcGIS\Desktop10.0\ArcToolbox\Toolboxes\Data Management Tools.tbx\CalculateField" Date="20160621" Time="134800">CalculateField VZ_HighCrashCorridors Wards '24, 28, 29, 37' PYTHON_9.3 #</Process><Process ToolSource="C:\Program Files\ArcGIS\Desktop10.0\ArcToolbox\Toolboxes\Data Management Tools.tbx\CalculateField" Date="20160621" Time="134826">CalculateField VZ_HighCrashCorridors Wards '27, 37' PYTHON_9.3 #</Process><Process ToolSource="C:\Program Files\ArcGIS\Desktop10.0\ArcToolbox\Toolboxes\Data Management Tools.tbx\CalculateField" Date="20160621" Time="134841">CalculateField VZ_HighCrashCorridors Wards '1, 27, 28' PYTHON_9.3 #</Process><Process ToolSource="C:\Program Files\ArcGIS\Desktop10.0\ArcToolbox\Toolboxes\Data Management Tools.tbx\CalculateField" Date="20160621" Time="134859">CalculateField VZ_HighCrashCorridors Wards '28, 37' PYTHON_9.3 #</Process><Process ToolSource="C:\Program Files\ArcGIS\Desktop10.0\ArcToolbox\Toolboxes\Data Management Tools.tbx\CalculateField" Date="20160621" Time="134917">CalculateField VZ_HighCrashCorridors Wards '12, 14, 15, 16' PYTHON_9.3 #</Process><Process ToolSource="C:\Program Files\ArcGIS\Desktop10.0\ArcToolbox\Toolboxes\Data Management Tools.tbx\CalculateField" Date="20160621" Time="134946">CalculateField VZ_HighCrashCorridors Wards '3, 4, 11, 25' PYTHON_9.3 #</Process><Process ToolSource="C:\Program Files\ArcGIS\Desktop10.0\ArcToolbox\Toolboxes\Data Management Tools.tbx\CalculateField" Date="20160621" Time="135011">CalculateField VZ_HighCrashCorridors Wards '5, 7, 8, 20' PYTHON_9.3 #</Process><Process ToolSource="C:\Program Files\ArcGIS\Desktop10.0\ArcToolbox\Toolboxes\Data Management Tools.tbx\CalculateField" Date="20160621" Time="135024">CalculateField VZ_HighCrashCorridors Wards '6, 8' PYTHON_9.3 #</Process><Process ToolSource="C:\Program Files\ArcGIS\Desktop10.0\ArcToolbox\Toolboxes\Data Management Tools.tbx\CalculateField" Date="20160621" Time="135039">CalculateField VZ_HighCrashCorridors Wards '7, 8' PYTHON_9.3 #</Process><Process ToolSource="C:\Program Files\ArcGIS\Desktop10.0\ArcToolbox\Toolboxes\Data Management Tools.tbx\CalculateField" Date="20160621" Time="135054">CalculateField VZ_HighCrashCorridors Wards '6, 17' PYTHON_9.3 #</Process><Process ToolSource="C:\Program Files\ArcGIS\Desktop10.0\ArcToolbox\Toolboxes\Data Management Tools.tbx\CalculateField" Date="20160621" Time="135110">CalculateField VZ_HighCrashCorridors Wards '6, 8, 17, 21' PYTHON_9.3 #</Process><Process ToolSource="C:\Program Files\ArcGIS\Desktop10.0\ArcToolbox\Toolboxes\Data Management Tools.tbx\CalculateField" Date="20160621" Time="135342">CalculateField VZ_HighCrashCorridors Wards '21' PYTHON_9.3 #</Process><Process ToolSource="C:\Program Files\ArcGIS\Desktop10.0\ArcToolbox\Toolboxes\Data Management Tools.tbx\CalculateField" Date="20160621" Time="135358">CalculateField VZ_HighCrashCorridors Wards '6, 8' PYTHON_9.3 #</Process><Process ToolSource="C:\Program Files\ArcGIS\Desktop10.0\ArcToolbox\Toolboxes\Data Management Tools.tbx\CalculateField" Date="20160621" Time="135416">CalculateField VZ_HighCrashCorridors Wards '13, 14, 18, 23' PYTHON_9.3 #</Process><Process ToolSource="C:\Program Files\ArcGIS\Desktop10.0\ArcToolbox\Toolboxes\Data Management Tools.tbx\CalculateField" Date="20160621" Time="135445">CalculateField VZ_HighCrashCorridors Wards '3, 4, 20' PYTHON_9.3 #</Process><Process ToolSource="C:\Program Files\ArcGIS\Desktop10.0\ArcToolbox\Toolboxes\Data Management Tools.tbx\CalculateField" Date="20160621" Time="135504">CalculateField VZ_HighCrashCorridors Wards '15, 16, 17' PYTHON_9.3 #</Process><Process ToolSource="C:\Program Files\ArcGIS\Desktop10.0\ArcToolbox\Toolboxes\Data Management Tools.tbx\CalculateField" Date="20160621" Time="135530">CalculateField VZ_HighCrashCorridors Wards '16, 17, 18' PYTHON_9.3 #</Process><Process ToolSource="C:\Program Files\ArcGIS\Desktop10.0\ArcToolbox\Toolboxes\Data Management Tools.tbx\CalculateField" Date="20160621" Time="135606">CalculateField VZ_HighCrashCorridors Wards '4, 25, 42' PYTHON_9.3 #</Process><Process ToolSource="C:\Program Files\ArcGIS\Desktop10.0\ArcToolbox\Toolboxes\Data Management Tools.tbx\CalculateField" Date="20160621" Time="135616">CalculateField VZ_HighCrashCorridors Wards '4, 25, 42' PYTHON_9.3 #</Process><Process ToolSource="C:\Program Files\ArcGIS\Desktop10.0\ArcToolbox\Toolboxes\Data Management Tools.tbx\CalculateField" Date="20160621" Time="135652">CalculateField VZ_HighCrashCorridors Wards '42' PYTHON_9.3 #</Process><Process ToolSource="C:\Program Files\ArcGIS\Desktop10.0\ArcToolbox\Toolboxes\Data Management Tools.tbx\CalculateField" Date="20160621" Time="135733">CalculateField VZ_HighCrashCorridors Wards '42' PYTHON_9.3 #</Process><Process ToolSource="C:\Program Files\ArcGIS\Desktop10.0\ArcToolbox\Toolboxes\Data Management Tools.tbx\CalculateField" Date="20160621" Time="135759">CalculateField VZ_HighCrashCorridors Wards '2, 3, 4, 25, 42' PYTHON_9.3 #</Process><Process ToolSource="C:\Program Files\ArcGIS\Desktop10.0\ArcToolbox\Toolboxes\Data Management Tools.tbx\CalculateField" Date="20160621" Time="135837">CalculateField VZ_HighCrashCorridors Wards '42' PYTHON_9.3 #</Process><Process ToolSource="C:\Program Files\ArcGIS\Desktop10.0\ArcToolbox\Toolboxes\Data Management Tools.tbx\CalculateField" Date="20160621" Time="135858">CalculateField VZ_HighCrashCorridors Wards '4, 42' PYTHON_9.3 #</Process><Process ToolSource="C:\Program Files\ArcGIS\Desktop10.0\ArcToolbox\Toolboxes\Data Management Tools.tbx\CalculateField" Date="20160621" Time="135931">CalculateField VZ_HighCrashCorridors Wards '2, 42' PYTHON_9.3 #</Process><Process ToolSource="C:\Program Files\ArcGIS\Desktop10.0\ArcToolbox\Toolboxes\Data Management Tools.tbx\CalculateField" Date="20160621" Time="140224">CalculateField VZ_HighCrashCorridors TYPE_1 'Bicyclist/Pedestrian' PYTHON_9.3 #</Process><Process ToolSource="C:\Program Files\ArcGIS\Desktop10.0\ArcToolbox\Toolboxes\Data Management Tools.tbx\CalculateField" Date="20160621" Time="140316">CalculateField VZ_HighCrashCorridors Wards '42' PYTHON_9.3 #</Process><Process ToolSource="C:\Program Files\ArcGIS\Desktop10.0\ArcToolbox\Toolboxes\Data Management Tools.tbx\CalculateField" Date="20160621" Time="140327">CalculateField VZ_HighCrashCorridors Wards '42' PYTHON_9.3 #</Process><Process ToolSource="C:\Program Files\ArcGIS\Desktop10.0\ArcToolbox\Toolboxes\Data Management Tools.tbx\CalculateField" Date="20160621" Time="140417">CalculateField VZ_HighCrashCorridors Wards '27, 42' PYTHON_9.3 #</Process><Process ToolSource="C:\Program Files\ArcGIS\Desktop10.0\ArcToolbox\Toolboxes\Data Management Tools.tbx\CalculateField" Date="20160621" Time="140432">CalculateField VZ_HighCrashCorridors Wards '42' PYTHON_9.3 #</Process><Process ToolSource="C:\Program Files\ArcGIS\Desktop10.0\ArcToolbox\Toolboxes\Data Management Tools.tbx\CalculateField" Date="20160621" Time="140447">CalculateField VZ_HighCrashCorridors Wards '42' PYTHON_9.3 #</Process><Process ToolSource="C:\Program Files\ArcGIS\Desktop10.0\ArcToolbox\Toolboxes\Data Management Tools.tbx\CalculateField" Date="20160621" Time="140517">CalculateField VZ_HighCrashCorridors Wards '4, 42' PYTHON_9.3 #</Process><Process ToolSource="C:\Program Files\ArcGIS\Desktop10.0\ArcToolbox\Toolboxes\Data Management Tools.tbx\CalculateField" Date="20160621" Time="140532">CalculateField VZ_HighCrashCorridors Wards '42' PYTHON_9.3 #</Process><Process ToolSource="C:\Program Files\ArcGIS\Desktop10.0\ArcToolbox\Toolboxes\Data Management Tools.tbx\CalculateField" Date="20160621" Time="143024">CalculateField VZ_HighCrashCorridors PDs '6' PYTHON_9.3 #</Process><Process ToolSource="C:\Program Files\ArcGIS\Desktop10.0\ArcToolbox\Toolboxes\Data Management Tools.tbx\CalculateField" Date="20160621" Time="143040">CalculateField VZ_HighCrashCorridors PDs '6, 22' PYTHON_9.3 #</Process><Process ToolSource="C:\Program Files\ArcGIS\Desktop10.0\ArcToolbox\Toolboxes\Data Management Tools.tbx\CalculateField" Date="20160621" Time="143059">CalculateField VZ_HighCrashCorridors PDs '12' PYTHON_9.3 #</Process><Process ToolSource="C:\Program Files\ArcGIS\Desktop10.0\ArcToolbox\Toolboxes\Data Management Tools.tbx\CalculateField" Date="20160621" Time="143122">CalculateField VZ_HighCrashCorridors PDs '12, 14, 18, 19' PYTHON_9.3 #</Process><Process ToolSource="C:\Program Files\ArcGIS\Desktop10.0\ArcToolbox\Toolboxes\Data Management Tools.tbx\CalculateField" Date="20160621" Time="143138">CalculateField VZ_HighCrashCorridors PDs '7' PYTHON_9.3 #</Process><Process ToolSource="C:\Program Files\ArcGIS\Desktop10.0\ArcToolbox\Toolboxes\Data Management Tools.tbx\CalculateField" Date="20160621" Time="143321">CalculateField VZ_HighCrashCorridors PDs '11, 12' PYTHON_9.3 #</Process><Process ToolSource="C:\Program Files\ArcGIS\Desktop10.0\ArcToolbox\Toolboxes\Data Management Tools.tbx\CalculateField" Date="20160621" Time="143338">CalculateField VZ_HighCrashCorridors PDs '14, 17, 25' PYTHON_9.3 #</Process><Process ToolSource="C:\Program Files\ArcGIS\Desktop10.0\ArcToolbox\Toolboxes\Data Management Tools.tbx\CalculateField" Date="20160621" Time="143354">CalculateField VZ_HighCrashCorridors PDs '19, 20' PYTHON_9.3 #</Process><Process ToolSource="C:\Program Files\ArcGIS\Desktop10.0\ArcToolbox\Toolboxes\Data Management Tools.tbx\CalculateField" Date="20160621" Time="144049">CalculateField VZ_HighCrashCorridors PDs '11, 15' PYTHON_9.3 #</Process><Process ToolSource="C:\Program Files\ArcGIS\Desktop10.0\ArcToolbox\Toolboxes\Data Management Tools.tbx\CalculateField" Date="20160621" Time="144104">CalculateField VZ_HighCrashCorridors PDs '12, 18' PYTHON_9.3 #</Process><Process ToolSource="C:\Program Files\ArcGIS\Desktop10.0\ArcToolbox\Toolboxes\Data Management Tools.tbx\CalculateField" Date="20160621" Time="144117">CalculateField VZ_HighCrashCorridors PDs '25' PYTHON_9.3 #</Process><Process ToolSource="C:\Program Files\ArcGIS\Desktop10.0\ArcToolbox\Toolboxes\Data Management Tools.tbx\CalculateField" Date="20160621" Time="144214">CalculateField VZ_HighCrashCorridors PDs '11, 15' PYTHON_9.3 #</Process><Process ToolSource="C:\Program Files\ArcGIS\Desktop10.0\ArcToolbox\Toolboxes\Data Management Tools.tbx\CalculateField" Date="20160621" Time="144238">CalculateField VZ_HighCrashCorridors PDs '11, 19' PYTHON_9.3 #</Process><Process ToolSource="C:\Program Files\ArcGIS\Desktop10.0\ArcToolbox\Toolboxes\Data Management Tools.tbx\CalculateField" Date="20160621" Time="144257">CalculateField VZ_HighCrashCorridors PDs '' PYTHON_9.3 #</Process><Process ToolSource="C:\Program Files\ArcGIS\Desktop10.0\ArcToolbox\Toolboxes\Data Management Tools.tbx\CalculateField" Date="20160621" Time="144313">CalculateField VZ_HighCrashCorridors PDs '6' PYTHON_9.3 #</Process><Process ToolSource="C:\Program Files\ArcGIS\Desktop10.0\ArcToolbox\Toolboxes\Data Management Tools.tbx\CalculateField" Date="20160621" Time="144338">CalculateField VZ_HighCrashCorridors PDs '6, 22' PYTHON_9.3 #</Process><Process ToolSource="C:\Program Files\ArcGIS\Desktop10.0\ArcToolbox\Toolboxes\Data Management Tools.tbx\CalculateField" Date="20160621" Time="144349">CalculateField VZ_HighCrashCorridors PDs '12' PYTHON_9.3 #</Process><Process ToolSource="C:\Program Files\ArcGIS\Desktop10.0\ArcToolbox\Toolboxes\Data Management Tools.tbx\CalculateField" Date="20160621" Time="144428">CalculateField VZ_HighCrashCorridors PDs '12, 14, 18' PYTHON_9.3 #</Process><Process ToolSource="C:\Program Files\ArcGIS\Desktop10.0\ArcToolbox\Toolboxes\Data Management Tools.tbx\CalculateField" Date="20160621" Time="144447">CalculateField VZ_HighCrashCorridors PDs '7' PYTHON_9.3 #</Process><Process ToolSource="C:\Program Files\ArcGIS\Desktop10.0\ArcToolbox\Toolboxes\Data Management Tools.tbx\CalculateField" Date="20160621" Time="144505">CalculateField VZ_HighCrashCorridors PDs '11' PYTHON_9.3 #</Process><Process ToolSource="C:\Program Files\ArcGIS\Desktop10.0\ArcToolbox\Toolboxes\Data Management Tools.tbx\CalculateField" Date="20160621" Time="144536">CalculateField VZ_HighCrashCorridors PDs '14, 17, 25' PYTHON_9.3 #</Process><Process ToolSource="C:\Program Files\ArcGIS\Desktop10.0\ArcToolbox\Toolboxes\Data Management Tools.tbx\CalculateField" Date="20160621" Time="144551">CalculateField VZ_HighCrashCorridors PDs '19, 20' PYTHON_9.3 #</Process><Process ToolSource="C:\Program Files\ArcGIS\Desktop10.0\ArcToolbox\Toolboxes\Data Management Tools.tbx\CalculateField" Date="20160621" Time="144610">CalculateField VZ_HighCrashCorridors PDs '15' PYTHON_9.3 #</Process><Process ToolSource="C:\Program Files\ArcGIS\Desktop10.0\ArcToolbox\Toolboxes\Data Management Tools.tbx\CalculateField" Date="20160621" Time="144629">CalculateField VZ_HighCrashCorridors PDs '12, 18' PYTHON_9.3 #</Process><Process ToolSource="C:\Program Files\ArcGIS\Desktop10.0\ArcToolbox\Toolboxes\Data Management Tools.tbx\CalculateField" Date="20160621" Time="144643">CalculateField VZ_HighCrashCorridors PDs '25' PYTHON_9.3 #</Process><Process ToolSource="C:\Program Files\ArcGIS\Desktop10.0\ArcToolbox\Toolboxes\Data Management Tools.tbx\CalculateField" Date="20160621" Time="144702">CalculateField VZ_HighCrashCorridors PDs '11, 15' PYTHON_9.3 #</Process><Process ToolSource="C:\Program Files\ArcGIS\Desktop10.0\ArcToolbox\Toolboxes\Data Management Tools.tbx\CalculateField" Date="20160621" Time="144719">CalculateField VZ_HighCrashCorridors PDs '19' PYTHON_9.3 #</Process><Process ToolSource="C:\Program Files\ArcGIS\Desktop10.0\ArcToolbox\Toolboxes\Data Management Tools.tbx\CalculateField" Date="20160621" Time="144733">CalculateField VZ_HighCrashCorridors PDs '1' PYTHON_9.3 #</Process><Process ToolSource="C:\Program Files\ArcGIS\Desktop10.0\ArcToolbox\Toolboxes\Data Management Tools.tbx\CalculateField" Date="20160621" Time="144754">CalculateField VZ_HighCrashCorridors PDs '6' PYTHON_9.3 #</Process><Process ToolSource="C:\Program Files\ArcGIS\Desktop10.0\ArcToolbox\Toolboxes\Data Management Tools.tbx\CalculateField" Date="20160621" Time="144808">CalculateField VZ_HighCrashCorridors PDs '12, 14' PYTHON_9.3 #</Process><Process ToolSource="C:\Program Files\ArcGIS\Desktop10.0\ArcToolbox\Toolboxes\Data Management Tools.tbx\CalculateField" Date="20160621" Time="144822">CalculateField VZ_HighCrashCorridors PDs '24' PYTHON_9.3 #</Process><Process ToolSource="C:\Program Files\ArcGIS\Desktop10.0\ArcToolbox\Toolboxes\Data Management Tools.tbx\CalculateField" Date="20160621" Time="144835">CalculateField VZ_HighCrashCorridors PDs '18' PYTHON_9.3 #</Process><Process ToolSource="C:\Program Files\ArcGIS\Desktop10.0\ArcToolbox\Toolboxes\Data Management Tools.tbx\CalculateField" Date="20160621" Time="144850">CalculateField VZ_HighCrashCorridors PDs '14, 25' PYTHON_9.3 #</Process><Process ToolSource="C:\Program Files\ArcGIS\Desktop10.0\ArcToolbox\Toolboxes\Data Management Tools.tbx\CalculateField" Date="20160621" Time="144908">CalculateField VZ_HighCrashCorridors PDs '2, 7, 9' PYTHON_9.3 #</Process><Process ToolSource="C:\Program Files\ArcGIS\Desktop10.0\ArcToolbox\Toolboxes\Data Management Tools.tbx\CalculateField" Date="20160621" Time="144924">CalculateField VZ_HighCrashCorridors PDs '6, 7' PYTHON_9.3 #</Process><Process ToolSource="C:\Program Files\ArcGIS\Desktop10.0\ArcToolbox\Toolboxes\Data Management Tools.tbx\CalculateField" Date="20160621" Time="144937">CalculateField VZ_HighCrashCorridors PDs '11, 15' PYTHON_9.3 #</Process><Process ToolSource="C:\Program Files\ArcGIS\Desktop10.0\ArcToolbox\Toolboxes\Data Management Tools.tbx\CalculateField" Date="20160621" Time="144951">CalculateField VZ_HighCrashCorridors PDs '1' PYTHON_9.3 #</Process><Process ToolSource="C:\Program Files\ArcGIS\Desktop10.0\ArcToolbox\Toolboxes\Data Management Tools.tbx\CalculateField" Date="20160621" Time="145007">CalculateField VZ_HighCrashCorridors PDs '1, 18' PYTHON_9.3 #</Process><Process ToolSource="C:\Program Files\ArcGIS\Desktop10.0\ArcToolbox\Toolboxes\Data Management Tools.tbx\CalculateField" Date="20160621" Time="145017">CalculateField VZ_HighCrashCorridors PDs '1, 18' PYTHON_9.3 #</Process><Process ToolSource="C:\Program Files\ArcGIS\Desktop10.0\ArcToolbox\Toolboxes\Data Management Tools.tbx\CalculateField" Date="20160621" Time="145026">CalculateField VZ_HighCrashCorridors PDs '1, 18' PYTHON_9.3 #</Process><Process ToolSource="C:\Program Files\ArcGIS\Desktop10.0\ArcToolbox\Toolboxes\Data Management Tools.tbx\CalculateField" Date="20160621" Time="145040">CalculateField VZ_HighCrashCorridors PDs '12, 14' PYTHON_9.3 #</Process><Process ToolSource="C:\Program Files\ArcGIS\Desktop10.0\ArcToolbox\Toolboxes\Data Management Tools.tbx\CalculateField" Date="20160621" Time="145050">CalculateField VZ_HighCrashCorridors PDs '12, 14' PYTHON_9.3 #</Process><Process ToolSource="C:\Program Files\ArcGIS\Desktop10.0\ArcToolbox\Toolboxes\Data Management Tools.tbx\CalculateField" Date="20160621" Time="145102">CalculateField VZ_HighCrashCorridors PDs '1' PYTHON_9.3 #</Process><Process ToolSource="C:\Program Files\ArcGIS\Desktop10.0\ArcToolbox\Toolboxes\Data Management Tools.tbx\CalculateField" Date="20160621" Time="145115">CalculateField VZ_HighCrashCorridors PDs '18' PYTHON_9.3 #</Process><Process ToolSource="C:\Program Files\ArcGIS\Desktop10.0\ArcToolbox\Toolboxes\Data Management Tools.tbx\CalculateField" Date="20160621" Time="145125">CalculateField VZ_HighCrashCorridors PDs '18' PYTHON_9.3 #</Process><Process ToolSource="C:\Program Files\ArcGIS\Desktop10.0\ArcToolbox\Toolboxes\Data Management Tools.tbx\CalculateField" Date="20160621" Time="145139">CalculateField VZ_HighCrashCorridors PDs '1' PYTHON_9.3 #</Process><Process ToolSource="C:\Program Files\ArcGIS\Desktop10.0\ArcToolbox\Toolboxes\Data Management Tools.tbx\CalculateField" Date="20160621" Time="145148">CalculateField VZ_HighCrashCorridors PDs '1' PYTHON_9.3 #</Process><Process ToolSource="C:\Program Files\ArcGIS\Desktop10.0\ArcToolbox\Toolboxes\Data Management Tools.tbx\CalculateField" Date="20160621" Time="145159">CalculateField VZ_HighCrashCorridors PDs '8' PYTHON_9.3 #</Process><Process ToolSource="C:\Program Files\ArcGIS\Desktop10.0\ArcToolbox\Toolboxes\Data Management Tools.tbx\CalculateField" Date="20160621" Time="145214">CalculateField VZ_HighCrashCorridors PDs '10, 11, 25' PYTHON_9.3 #</Process><Process ToolSource="C:\Program Files\ArcGIS\Desktop10.0\ArcToolbox\Toolboxes\Data Management Tools.tbx\CalculateField" Date="20160621" Time="145227">CalculateField VZ_HighCrashCorridors PDs '1' PYTHON_9.3 #</Process><Process ToolSource="C:\Program Files\ArcGIS\Desktop10.0\ArcToolbox\Toolboxes\Data Management Tools.tbx\CalculateField" Date="20160621" Time="145240">CalculateField VZ_HighCrashCorridors PDs '1, 12' PYTHON_9.3 #</Process><Process ToolSource="C:\Program Files\ArcGIS\Desktop10.0\ArcToolbox\Toolboxes\Data Management Tools.tbx\CalculateField" Date="20160621" Time="145251">CalculateField VZ_HighCrashCorridors PDs '1, 18' PYTHON_9.3 #</Process><Process ToolSource="C:\Program Files\ArcGIS\Desktop10.0\ArcToolbox\Toolboxes\Data Management Tools.tbx\CalculateField" Date="20160621" Time="145302">CalculateField VZ_HighCrashCorridors PDs '18' PYTHON_9.3 #</Process><Process ToolSource="C:\Program Files\ArcGIS\Desktop10.0\ArcToolbox\Toolboxes\Data Management Tools.tbx\CalculateField" Date="20160621" Time="145322">CalculateField VZ_HighCrashCorridors PDs '4' PYTHON_9.3 #</Process><Process ToolSource="C:\Program Files\ArcGIS\Desktop10.0\ArcToolbox\Toolboxes\Data Management Tools.tbx\CalculateField" Date="20160621" Time="145336">CalculateField VZ_HighCrashCorridors PDs '3, 4' PYTHON_9.3 #</Process><Process ToolSource="C:\Program Files\ArcGIS\Desktop10.0\ArcToolbox\Toolboxes\Data Management Tools.tbx\CalculateField" Date="20160621" Time="145347">CalculateField VZ_HighCrashCorridors PDs '1' PYTHON_9.3 #</Process><Process ToolSource="C:\Program Files\ArcGIS\Desktop10.0\ArcToolbox\Toolboxes\Data Management Tools.tbx\CalculateField" Date="20160621" Time="145358">CalculateField VZ_HighCrashCorridors PDs '14' PYTHON_9.3 #</Process><Process ToolSource="C:\Program Files\ArcGIS\Desktop10.0\ArcToolbox\Toolboxes\Data Management Tools.tbx\CalculateField" Date="20160621" Time="145411">CalculateField VZ_HighCrashCorridors PDs '19' PYTHON_9.3 #</Process><Process ToolSource="C:\Program Files\ArcGIS\Desktop10.0\ArcToolbox\Toolboxes\Data Management Tools.tbx\CalculateField" Date="20160621" Time="145426">CalculateField VZ_HighCrashCorridors PDs '8' PYTHON_9.3 #</Process><Process ToolSource="C:\Program Files\ArcGIS\Desktop10.0\ArcToolbox\Toolboxes\Data Management Tools.tbx\CalculateField" Date="20160621" Time="145441">CalculateField VZ_HighCrashCorridors PDs '6' PYTHON_9.3 #</Process><Process ToolSource="C:\Program Files\ArcGIS\Desktop10.0\ArcToolbox\Toolboxes\Data Management Tools.tbx\CalculateField" Date="20160621" Time="145452">CalculateField VZ_HighCrashCorridors PDs '9' PYTHON_9.3 #</Process><Process ToolSource="C:\Program Files\ArcGIS\Desktop10.0\ArcToolbox\Toolboxes\Data Management Tools.tbx\CalculateField" Date="20160621" Time="150344">CalculateField VZ_HighCrashCorridors TIF 'River South' PYTHON_9.3 #</Process><Process ToolSource="C:\Program Files\ArcGIS\Desktop10.0\ArcToolbox\Toolboxes\Data Management Tools.tbx\CalculateField" Date="20160621" Time="150401">CalculateField VZ_HighCrashCorridors TIF 'LaSalle Central' PYTHON_9.3 #</Process><Process ToolSource="C:\Program Files\ArcGIS\Desktop10.0\ArcToolbox\Toolboxes\Data Management Tools.tbx\CalculateField" Date="20160621" Time="150427">CalculateField VZ_HighCrashCorridors TIF 'LaSalle Central' PYTHON_9.3 #</Process><Process ToolSource="C:\Program Files\ArcGIS\Desktop10.0\ArcToolbox\Toolboxes\Data Management Tools.tbx\CalculateField" Date="20160621" Time="150442">CalculateField VZ_HighCrashCorridors TIF 'LaSalle Central' PYTHON_9.3 #</Process><Process ToolSource="C:\Program Files\ArcGIS\Desktop10.0\ArcToolbox\Toolboxes\Data Management Tools.tbx\CalculateField" Date="20160621" Time="150514">CalculateField VZ_HighCrashCorridors TIF 'Jefferson/Roosevelt, River South, Roosevelt/Union (UIC)' PYTHON_9.3 #</Process><Process ToolSource="C:\Program Files\ArcGIS\Desktop10.0\ArcToolbox\Toolboxes\Data Management Tools.tbx\CalculateField" Date="20160621" Time="150549">CalculateField VZ_HighCrashCorridors TIF 'Ohio/Wabash' PYTHON_9.3 #</Process><Process ToolSource="C:\Program Files\ArcGIS\Desktop10.0\ArcToolbox\Toolboxes\Data Management Tools.tbx\CalculateField" Date="20160621" Time="150625">CalculateField VZ_HighCrashCorridors TIF 'Chicago/Central Park, Madison/Austin, Midwest, NW Industrial , Roosevelt-Cicero Industrial' PYTHON_9.3 #</Process><Process ToolSource="C:\Program Files\ArcGIS\Desktop10.0\ArcToolbox\Toolboxes\Data Management Tools.tbx\CalculateField" Date="20160621" Time="150703">CalculateField VZ_HighCrashCorridors TIF_Name !TIF! PYTHON_9.3 #</Process><Process ToolSource="C:\Program Files\ArcGIS\Desktop10.0\ArcToolbox\Toolboxes\Data Management Tools.tbx\CalculateField" Date="20160621" Time="150740">CalculateField VZ_HighCrashCorridors TIF_Name 'Chicago/Central Park, Madison/Austin, Midwest, NW Industrial, Central-Cicero Industrial' PYTHON_9.3 #</Process><Process ToolSource="C:\Program Files\ArcGIS\Desktop10.0\ArcToolbox\Toolboxes\Data Management Tools.tbx\CalculateField" Date="20160621" Time="150757">CalculateField VZ_HighCrashCorridors TIF_Name '' PYTHON_9.3 #</Process><Process ToolSource="C:\Program Files\ArcGIS\Desktop10.0\ArcToolbox\Toolboxes\Data Management Tools.tbx\CalculateField" Date="20160621" Time="150829">CalculateField VZ_HighCrashCorridors TIF_Name 'River South' PYTHON_9.3 #</Process><Process ToolSource="C:\Program Files\ArcGIS\Desktop10.0\ArcToolbox\Toolboxes\Data Management Tools.tbx\CalculateField" Date="20160621" Time="150850">CalculateField VZ_HighCrashCorridors TIF_Name 'LaSalle Central' PYTHON_9.3 #</Process><Process ToolSource="C:\Program Files\ArcGIS\Desktop10.0\ArcToolbox\Toolboxes\Data Management Tools.tbx\CalculateField" Date="20160621" Time="150906">CalculateField VZ_HighCrashCorridors TIF_Name 'LaSalle Central' PYTHON_9.3 #</Process><Process ToolSource="C:\Program Files\ArcGIS\Desktop10.0\ArcToolbox\Toolboxes\Data Management Tools.tbx\CalculateField" Date="20160621" Time="150919">CalculateField VZ_HighCrashCorridors TIF_Name 'LaSalle Central' PYTHON_9.3 #</Process><Process ToolSource="C:\Program Files\ArcGIS\Desktop10.0\ArcToolbox\Toolboxes\Data Management Tools.tbx\CalculateField" Date="20160621" Time="150942">CalculateField VZ_HighCrashCorridors TIF_Name 'Jefferson/Roosevelt, River South, Roosevelt/Union (UIC)' PYTHON_9.3 #</Process><Process ToolSource="C:\Program Files\ArcGIS\Desktop10.0\ArcToolbox\Toolboxes\Data Management Tools.tbx\CalculateField" Date="20160621" Time="151031">CalculateField VZ_HighCrashCorridors TIF_Name 'Ohio/Wabash' PYTHON_9.3 #</Process><Process ToolSource="C:\Program Files\ArcGIS\Desktop10.0\ArcToolbox\Toolboxes\Data Management Tools.tbx\CalculateField" Date="20160621" Time="151100">CalculateField VZ_HighCrashCorridors TIF_Name 'Chicago/Central Park, Madison/Austin, Midwest, NW Industrial, Roosevelt-Cicero Inudstrial' PYTHON_9.3 #</Process><Process ToolSource="C:\Program Files\ArcGIS\Desktop10.0\ArcToolbox\Toolboxes\Data Management Tools.tbx\CalculateField" Date="20160621" Time="151128">CalculateField VZ_HighCrashCorridors TIF_Name 'Chicago/Central Park, Division/Homan, Kinzie Industrial, NW Industrial' PYTHON_9.3 #</Process><Process ToolSource="C:\Program Files\ArcGIS\Desktop10.0\ArcToolbox\Toolboxes\Data Management Tools.tbx\CalculateField" Date="20160621" Time="151204">CalculateField VZ_HighCrashCorridors TIF_Name 'Madison/Austin, Midwest, NW Industrial, Roosevelt-Cicero Industrial' PYTHON_9.3 #</Process><Process ToolSource="C:\Program Files\ArcGIS\Desktop10.0\ArcToolbox\Toolboxes\Data Management Tools.tbx\CalculateField" Date="20160621" Time="151224">CalculateField VZ_HighCrashCorridors TIF_Name 'Madison/Austin, NW Industrial' PYTHON_9.3 #</Process><Process ToolSource="C:\Program Files\ArcGIS\Desktop10.0\ArcToolbox\Toolboxes\Data Management Tools.tbx\CalculateField" Date="20160621" Time="151242">CalculateField VZ_HighCrashCorridors TIF_Name 'Central West, Kinzie Industrial' PYTHON_9.3 #</Process><Process ToolSource="C:\Program Files\ArcGIS\Desktop10.0\ArcToolbox\Toolboxes\Data Management Tools.tbx\CalculateField" Date="20160621" Time="151259">CalculateField VZ_HighCrashCorridors TIF_Name 'Fullerton/Milwaukee' PYTHON_9.3 #</Process><Process ToolSource="C:\Program Files\ArcGIS\Desktop10.0\ArcToolbox\Toolboxes\Data Management Tools.tbx\CalculateField" Date="20160621" Time="151316">CalculateField VZ_HighCrashCorridors TIF_Name 'North Branch (North)' PYTHON_9.3 #</Process><Process ToolSource="C:\Program Files\ArcGIS\Desktop10.0\ArcToolbox\Toolboxes\Data Management Tools.tbx\CalculateField" Date="20160621" Time="151333">CalculateField VZ_HighCrashCorridors TIF_Name 'Humboldt Park' PYTHON_9.3 #</Process><Process ToolSource="C:\Program Files\ArcGIS\Desktop10.0\ArcToolbox\Toolboxes\Data Management Tools.tbx\CalculateField" Date="20160621" Time="151349">CalculateField VZ_HighCrashCorridors TIF_Name 'North Branch (North)' PYTHON_9.3 #</Process><Process ToolSource="C:\Program Files\ArcGIS\Desktop10.0\ArcToolbox\Toolboxes\Data Management Tools.tbx\CalculateField" Date="20160621" Time="151406">CalculateField VZ_HighCrashCorridors TIF_Name 'Chicago/Kingsbury, River West' PYTHON_9.3 #</Process><Process ToolSource="C:\Program Files\ArcGIS\Desktop10.0\ArcToolbox\Toolboxes\Data Management Tools.tbx\CalculateField" Date="20160621" Time="151419">CalculateField VZ_HighCrashCorridors TIF_Name 'Addison South' PYTHON_9.3 #</Process><Process ToolSource="C:\Program Files\ArcGIS\Desktop10.0\ArcToolbox\Toolboxes\Data Management Tools.tbx\CalculateField" Date="20160621" Time="151437">CalculateField VZ_HighCrashCorridors TIF_Name 'Fullerton/Milwaukee, Kennedy/Kimball' PYTHON_9.3 #</Process><Process ToolSource="C:\Program Files\ArcGIS\Desktop10.0\ArcToolbox\Toolboxes\Data Management Tools.tbx\CalculateField" Date="20160621" Time="151517">CalculateField VZ_HighCrashCorridors TIF_Name 'Belmont/Central, Diversey/Narragansett, Fullerton/Milwaukee, NW Industrial, Pulaski Industrial' PYTHON_9.3 #</Process><Process ToolSource="C:\Program Files\ArcGIS\Desktop10.0\ArcToolbox\Toolboxes\Data Management Tools.tbx\CalculateField" Date="20160621" Time="151538">CalculateField VZ_HighCrashCorridors TIF_Name 'Austin Commercial, NW Industrial' PYTHON_9.3 #</Process><Process ToolSource="C:\Program Files\ArcGIS\Desktop10.0\ArcToolbox\Toolboxes\Data Management Tools.tbx\CalculateField" Date="20160621" Time="151551">CalculateField VZ_HighCrashCorridors TIF_Name 'Ohio/Wabash' PYTHON_9.3 #</Process><Process ToolSource="C:\Program Files\ArcGIS\Desktop10.0\ArcToolbox\Toolboxes\Data Management Tools.tbx\CalculateField" Date="20160621" Time="151614">CalculateField VZ_HighCrashCorridors TIF_Name 'Chicago/Kingsbury' PYTHON_9.3 #</Process><Process ToolSource="C:\Program Files\ArcGIS\Desktop10.0\ArcToolbox\Toolboxes\Data Management Tools.tbx\CalculateField" Date="20160621" Time="151627">CalculateField VZ_HighCrashCorridors TIF_Name 'Ohio/Wabash' PYTHON_9.3 #</Process><Process ToolSource="C:\Program Files\ArcGIS\Desktop10.0\ArcToolbox\Toolboxes\Data Management Tools.tbx\CalculateField" Date="20160621" Time="152718">CalculateField VZ_HighCrashCorridors TIF_Name 'Western Ave North, Western Ave South' PYTHON_9.3 #</Process><Process ToolSource="C:\Program Files\ArcGIS\Desktop10.0\ArcToolbox\Toolboxes\Data Management Tools.tbx\CalculateField" Date="20160621" Time="152743">CalculateField VZ_HighCrashCorridors TIF_Name 'Lawrence/Broadway, Wilson Yard' PYTHON_9.3 #</Process><Process ToolSource="C:\Program Files\ArcGIS\Desktop10.0\ArcToolbox\Toolboxes\Data Management Tools.tbx\CalculateField" Date="20160621" Time="152809">CalculateField VZ_HighCrashCorridors TIF_Name '47th/Halsted, 47th/State, Englewood Neighborhood, Washington Park' PYTHON_9.3 #</Process><Process ToolSource="C:\Program Files\ArcGIS\Desktop10.0\ArcToolbox\Toolboxes\Data Management Tools.tbx\CalculateField" Date="20160621" Time="152828">CalculateField VZ_HighCrashCorridors TIF_Name 'Clark/Ridge, Devon/Western' PYTHON_9.3 #</Process><Process ToolSource="C:\Program Files\ArcGIS\Desktop10.0\ArcToolbox\Toolboxes\Data Management Tools.tbx\CalculateField" Date="20160621" Time="152842">CalculateField VZ_HighCrashCorridors TIF_Name 'Austin Commercial' PYTHON_9.3 #</Process><Process ToolSource="C:\Program Files\ArcGIS\Desktop10.0\ArcToolbox\Toolboxes\Data Management Tools.tbx\CalculateField" Date="20160621" Time="152901">CalculateField VZ_HighCrashCorridors TIF_Name '71st/Stony Island, Woodlawn' PYTHON_9.3 #</Process><Process ToolSource="C:\Program Files\ArcGIS\Desktop10.0\ArcToolbox\Toolboxes\Data Management Tools.tbx\CalculateField" Date="20160621" Time="152918">CalculateField VZ_HighCrashCorridors TIF_Name 'Stony Island/Burnside' PYTHON_9.3 #</Process><Process ToolSource="C:\Program Files\ArcGIS\Desktop10.0\ArcToolbox\Toolboxes\Data Management Tools.tbx\CalculateField" Date="20160621" Time="152937">CalculateField VZ_HighCrashCorridors TIF_Name '67th/Wentworth, 87th/Cottage' PYTHON_9.3 #</Process><Process ToolSource="C:\Program Files\ArcGIS\Desktop10.0\ArcToolbox\Toolboxes\Data Management Tools.tbx\CalculateField" Date="20160621" Time="152949">CalculateField VZ_HighCrashCorridors TIF_Name '87th/Cottage' PYTHON_9.3 #</Process><Process ToolSource="C:\Program Files\ArcGIS\Desktop10.0\ArcToolbox\Toolboxes\Data Management Tools.tbx\CalculateField" Date="20160621" Time="153005">CalculateField VZ_HighCrashCorridors TIF_Name '79th Street Corridor' PYTHON_9.3 #</Process><Process ToolSource="C:\Program Files\ArcGIS\Desktop10.0\ArcToolbox\Toolboxes\Data Management Tools.tbx\CalculateField" Date="20160621" Time="153023">CalculateField VZ_HighCrashCorridors TIF_Name '79th/Southwest Hwy' PYTHON_9.3 #</Process><Process ToolSource="C:\Program Files\ArcGIS\Desktop10.0\ArcToolbox\Toolboxes\Data Management Tools.tbx\CalculateField" Date="20160621" Time="153102">CalculateField VZ_HighCrashCorridors TIF_Name '67th/Wentworth, 79th Street Corridor, 79th/Vincennes, Englewood Neighborhood' PYTHON_9.3 #</Process><Process ToolSource="C:\Program Files\ArcGIS\Desktop10.0\ArcToolbox\Toolboxes\Data Management Tools.tbx\CalculateField" Date="20160621" Time="153124">CalculateField VZ_HighCrashCorridors TIF_Name '63rd/Ashland, 69th/Ashland' PYTHON_9.3 #</Process><Process ToolSource="C:\Program Files\ArcGIS\Desktop10.0\ArcToolbox\Toolboxes\Data Management Tools.tbx\CalculateField" Date="20160621" Time="153150">CalculateField VZ_HighCrashCorridors TIF_Name '51st/Archer, 63rd/Pulaski, Greater SW Industrial (West)' PYTHON_9.3 #</Process><Process ToolSource="C:\Program Files\ArcGIS\Desktop10.0\ArcToolbox\Toolboxes\Data Management Tools.tbx\CalculateField" Date="20160621" Time="153210">CalculateField VZ_HighCrashCorridors TIF_Name 'Greater SW Industrial (East)' PYTHON_9.3 #</Process><Process ToolSource="C:\Program Files\ArcGIS\Desktop10.0\ArcToolbox\Toolboxes\Data Management Tools.tbx\CalculateField" Date="20160621" Time="153229">CalculateField VZ_HighCrashCorridors TIF_Name 'Archer/Western, Stenson/Brighton' PYTHON_9.3 #</Process><Process ToolSource="C:\Program Files\ArcGIS\Desktop10.0\ArcToolbox\Toolboxes\Data Management Tools.tbx\CalculateField" Date="20160622" Time="155216">CalculateField VZ_HighCrashCorridors INDEX_5 "(((!A_Crashes! + !K_Crashes!) *5) + !BC_Crashes!) / !MILES_1!" PYTHON_9.3 #</Process><Process ToolSource="C:\Program Files\ArcGIS\Desktop10.0\ArcToolbox\Toolboxes\Data Management Tools.tbx\CalculateField" Date="20160706" Time="103033">CalculateField VZ_HighCrashCorridors INDEX_5 "((([K_Crashes] + [A_Crashes])*5)+ [BC_Crashes]) / [MILES_1]" VB #</Process><Process ToolSource="C:\Program Files\ArcGIS\Desktop10.0\ArcToolbox\Toolboxes\Data Management Tools.tbx\CopyFeatures" Date="20160707" Time="154836">CopyFeatures "S:\Divisions\Project Development\0_PEDESTRIAN\Vision Zero\GIS\HighCrashCorridors_CommunityAreas_20160616\VZ_HighCrashCorridors.shp" "S:\Divisions\Project Development\0_PEDESTRIAN\Eric_Hanss\Ped_Program_GIS_Data_dev.gdb\Transpo_planning_data\VZ_HighCrashCorridors" # 0 0 0</Process><Process ToolSource="C:\Program Files\ArcGIS\Desktop10.0\ArcToolbox\Toolboxes\Data Management Tools.tbx\CalculateField" Date="20160719" Time="165741">CalculateField VZ_HighCrashCorridors A_Crashes 45 VB #</Process><Process ToolSource="C:\Program Files\ArcGIS\Desktop10.0\ArcToolbox\Toolboxes\Data Management Tools.tbx\CalculateField" Date="20160719" Time="165755">CalculateField VZ_HighCrashCorridors BC_Crashes 393 VB #</Process><Process ToolSource="C:\Program Files\ArcGIS\Desktop10.0\ArcToolbox\Toolboxes\Data Management Tools.tbx\CalculateField" Date="20160719" Time="165851">CalculateField VZ_HighCrashCorridors INDEX_5 "(([A_Crashes] *5) + [BC_Crashes]) / [MILES_1]" VB #</Process><Process ToolSource="C:\Program Files\ArcGIS\Desktop10.0\ArcToolbox\Toolboxes\Data Management Tools.tbx\CalculateField" Date="20160919" Time="092216">CalculateField "VZ High Crash Corridors" JURIS 'City' PYTHON_9.3 #</Process><Process ToolSource="C:\Program Files\ArcGIS\Desktop10.0\ArcToolbox\Toolboxes\Data Management Tools.tbx\CalculateField" Date="20160919" Time="095740">CalculateField "VZ High Crash Corridors" JURIS 'State/County' PYTHON_9.3 #</Process><Process ToolSource="C:\Program Files\ArcGIS\Desktop10.0\ArcToolbox\Toolboxes\Data Management Tools.tbx\CalculateField" Date="20160919" Time="131709">CalculateField "VZ High Crash Corridors" INDEX_5 "(((!K_Crashes! + !A_Crashes!) *3) + !BC_Crashes!) / !MILES_1!" PYTHON_9.3 #</Process><Process ToolSource="C:\Program Files\ArcGIS\Desktop10.0\ArcToolbox\Toolboxes\Data Management Tools.tbx\CalculateField" Date="20160919" Time="131741">CalculateField "VZ High Crash Corridors" INDEX_5 "(((!K_Crashes! + !A_Crashes!) *5) + !BC_Crashes!) / !MILES_1!" PYTHON_9.3 #</Process><Process ToolSource="C:\Program Files\ArcGIS\Desktop10.0\ArcToolbox\Toolboxes\Data Management Tools.tbx\CalculateField" Date="20160919" Time="134913">CalculateField "VZ High Crash Corridors" INDEX_5 "(((!K_Crashes! + !A_Crashes!) *5) + !BC_Crashes!) / !MILES_1!" PYTHON_9.3 #</Process><Process ToolSource="C:\Program Files\ArcGIS\Desktop10.0\ArcToolbox\Toolboxes\Data Management Tools.tbx\CalculateField" Date="20160919" Time="134949">CalculateField "VZ High Crash Corridors" INDEX_5 "(((!K_Crashes! + !A_Crashes!) *5) + !BC_Crashes!) / !MILES_1!" PYTHON_9.3 #</Process><Process ToolSource="C:\Program Files\ArcGIS\Desktop10.0\ArcToolbox\Toolboxes\Data Management Tools.tbx\CalculateField" Date="20160919" Time="150304">CalculateField VZ_HighCrashCorridors To_ 'DIVISION' PYTHON_9.3 #</Process><Process ToolSource="C:\Program Files\ArcGIS\Desktop10.0\ArcToolbox\Toolboxes\Data Management Tools.tbx\CalculateField" Date="20160919" Time="150608">CalculateField VZ_HighCrashCorridors Wards '2, 4, 42' PYTHON_9.3 #</Process><Process ToolSource="C:\Program Files\ArcGIS\Desktop10.0\ArcToolbox\Toolboxes\Data Management Tools.tbx\CalculateField" Date="20160919" Time="164724">CalculateField VZ_HighCrashCorridors PDs '18, 19' PYTHON_9.3 #</Process><Process ToolSource="C:\Program Files\ArcGIS\Desktop10.0\ArcToolbox\Toolboxes\Data Management Tools.tbx\CalculateField" Date="20160919" Time="164828">CalculateField VZ_HighCrashCorridors Wards '43, 44, 47' PYTHON_9.3 #</Process><Process ToolSource="C:\Program Files\ArcGIS\Desktop10.0\ArcToolbox\Toolboxes\Data Management Tools.tbx\CalculateField" Date="20160919" Time="164950">CalculateField VZ_HighCrashCorridors PDs '1, 18' PYTHON_9.3 #</Process><Process ToolSource="C:\Program Files\ArcGIS\Desktop10.0\ArcToolbox\Toolboxes\Data Management Tools.tbx\CalculateField" Date="20160919" Time="165055">CalculateField VZ_HighCrashCorridors Wards '1, 2, 27, 28, 32' PYTHON_9.3 #</Process><Process ToolSource="C:\Program Files\ArcGIS\Desktop10.0\ArcToolbox\Toolboxes\Data Management Tools.tbx\CalculateField" Date="20160919" Time="165141">CalculateField VZ_HighCrashCorridors Wards '1, 26, 32, 33' PYTHON_9.3 #</Process><Process ToolSource="C:\Program Files\ArcGIS\Desktop10.0\ArcToolbox\Toolboxes\Data Management Tools.tbx\CalculateField" Date="20160919" Time="165150">CalculateField VZ_HighCrashCorridors PDs '12, 14' PYTHON_9.3 #</Process><Process ToolSource="C:\Program Files\ArcGIS\Desktop10.0\ArcToolbox\Toolboxes\Data Management Tools.tbx\CalculateField" Date="20160919" Time="165433">CalculateField VZ_HighCrashCorridors TIF_Name 'Addison South, Humboldt Park' PYTHON_9.3 #</Process><Process ToolSource="C:\Program Files\ArcGIS\Desktop10.0\ArcToolbox\Toolboxes\Data Management Tools.tbx\CalculateField" Date="20160919" Time="165528">CalculateField VZ_HighCrashCorridors TIF_Name 'Central West, Kinzie Industrial, North Branch (North)' PYTHON_9.3 #</Process><Process ToolSource="C:\Program Files\ArcGIS\Desktop10.0\ArcToolbox\Toolboxes\Data Management Tools.tbx\CalculateField" Date="20160919" Time="165604">CalculateField VZ_HighCrashCorridors From1 'MEADE' PYTHON_9.3 #</Process><Process ToolSource="C:\Program Files\ArcGIS\Desktop10.0\ArcToolbox\Toolboxes\Data Management Tools.tbx\CalculateField" Date="20160919" Time="170942">CalculateField VZ_HighCrashCorridors Motorist_T 7 PYTHON_9.3 #</Process><Process ToolSource="C:\Program Files\ArcGIS\Desktop10.0\ArcToolbox\Toolboxes\Data Management Tools.tbx\CalculateField" Date="20160919" Time="171014">CalculateField VZ_HighCrashCorridors Motorist_T 8 PYTHON_9.3 #</Process><Process ToolSource="C:\Program Files\ArcGIS\Desktop10.0\ArcToolbox\Toolboxes\Data Management Tools.tbx\CalculateField" Date="20160919" Time="171048">CalculateField VZ_HighCrashCorridors Motorist_T 9 PYTHON_9.3 #</Process><Process ToolSource="C:\Program Files\ArcGIS\Desktop10.0\ArcToolbox\Toolboxes\Data Management Tools.tbx\CalculateField" Date="20160919" Time="171211">CalculateField VZ_HighCrashCorridors Motorist_T 8 PYTHON_9.3 #</Process><Process ToolSource="C:\Program Files\ArcGIS\Desktop10.0\ArcToolbox\Toolboxes\Data Management Tools.tbx\CalculateField" Date="20160919" Time="171227">CalculateField VZ_HighCrashCorridors Motorist_T 6 PYTHON_9.3 #</Process><Process ToolSource="C:\Program Files\ArcGIS\Desktop10.0\ArcToolbox\Toolboxes\Data Management Tools.tbx\CalculateField" Date="20160919" Time="171239">CalculateField VZ_HighCrashCorridors Motorist_T 0 PYTHON_9.3 #</Process><Process ToolSource="C:\Program Files\ArcGIS\Desktop10.0\ArcToolbox\Toolboxes\Data Management Tools.tbx\CalculateField" Date="20160919" Time="171256">CalculateField VZ_HighCrashCorridors Motorist_T 9 PYTHON_9.3 #</Process><Process ToolSource="C:\Program Files\ArcGIS\Desktop10.0\ArcToolbox\Toolboxes\Data Management Tools.tbx\CalculateField" Date="20160919" Time="171304">CalculateField VZ_HighCrashCorridors Motorist_T 8 PYTHON_9.3 #</Process><Process ToolSource="C:\Program Files\ArcGIS\Desktop10.0\ArcToolbox\Toolboxes\Data Management Tools.tbx\CalculateField" Date="20160919" Time="171500">CalculateField VZ_HighCrashCorridors Motorist_T 10 PYTHON_9.3 #</Process><Process Name="Buffer" ToolSource="c:\program files (x86)\arcgis\desktop10.2\ArcToolbox\Toolboxes\Analysis Tools.tbx\Buffer" Date="20191021" Time="174135">Buffer "High Crash Corridors" C:\Users\414200\Documents\ArcGIS\Default.gdb\VZ_HighCrashCorridors_Buffer_200 "75 Feet" FULL ROUND NONE #</Process><Process Name="Merge" ToolSource="c:\program files (x86)\arcgis\desktop10.2\ArcToolbox\Toolboxes\Data Management Tools.tbx\Merge" Date="20191021" Time="174148">Merge C:\Users\414200\Documents\ArcGIS\Default.gdb\VZ_HighCrashCorridors_Buffer_200;'High Crash Community Areas' C:\Users\414200\Documents\ArcGIS\Default.gdb\VZ_HighCrashCorridors_Buffer "OBJECTID "OBJECTID" true true false 4 Long 0 0 ,First,#,C:\Users\414200\Documents\ArcGIS\Default.gdb\VZ_HighCrashCorridors_Buffer_200,OBJECTID,-1,-1;STREET_N_1 "STREET_N_1" true true false 254 Text 0 0 ,First,#,C:\Users\414200\Documents\ArcGIS\Default.gdb\VZ_HighCrashCorridors_Buffer_200,STREET_N_1,-1,-1;From1 "From1" true true false 254 Text 0 0 ,First,#,C:\Users\414200\Documents\ArcGIS\Default.gdb\VZ_HighCrashCorridors_Buffer_200,From1,-1,-1;To_ "To_" true true false 254 Text 0 0 ,First,#,C:\Users\414200\Documents\ArcGIS\Default.gdb\VZ_HighCrashCorridors_Buffer_200,To_,-1,-1;CBD_1 "CBD_1" true true false 8 Double 0 0 ,First,#,C:\Users\414200\Documents\ArcGIS\Default.gdb\VZ_HighCrashCorridors_Buffer_200,CBD_1,-1,-1;MILES_1 "MILES_1" true true false 8 Double 0 0 ,First,#,C:\Users\414200\Documents\ArcGIS\Default.gdb\VZ_HighCrashCorridors_Buffer_200,MILES_1,-1,-1;TYPE_1 "TYPE_1" true true false 254 Text 0 0 ,First,#,C:\Users\414200\Documents\ArcGIS\Default.gdb\VZ_HighCrashCorridors_Buffer_200,TYPE_1,-1,-1;K_Crashes "K_Crashes" true true false 8 Double 0 0 ,First,#,C:\Users\414200\Documents\ArcGIS\Default.gdb\VZ_HighCrashCorridors_Buffer_200,K_Crashes,-1,-1;A_Crashes "A_Crashes" true true false 8 Double 0 0 ,First,#,C:\Users\414200\Documents\ArcGIS\Default.gdb\VZ_HighCrashCorridors_Buffer_200,A_Crashes,-1,-1;BC_Crashes "BC_Crashes" true true false 8 Double 0 0 ,First,#,C:\Users\414200\Documents\ArcGIS\Default.gdb\VZ_HighCrashCorridors_Buffer_200,BC_Crashes,-1,-1;INDEX_5 "INDEX_5" true true false 8 Double 0 0 ,First,#,C:\Users\414200\Documents\ArcGIS\Default.gdb\VZ_HighCrashCorridors_Buffer_200,INDEX_5,-1,-1;Pedestrian "Pedestrian" true true false 8 Double 0 0 ,First,#,C:\Users\414200\Documents\ArcGIS\Default.gdb\VZ_HighCrashCorridors_Buffer_200,Pedestrian,-1,-1;Bicyclist_ "Bicyclist_" true true false 254 Text 0 0 ,First,#,C:\Users\414200\Documents\ArcGIS\Default.gdb\VZ_HighCrashCorridors_Buffer_200,Bicyclist_,-1,-1;Motorist_T "Motorist_T" true true false 8 Double 0 0 ,First,#,C:\Users\414200\Documents\ArcGIS\Default.gdb\VZ_HighCrashCorridors_Buffer_200,Motorist_T,-1,-1;Wards "Wards" true true false 50 Text 0 0 ,First,#,C:\Users\414200\Documents\ArcGIS\Default.gdb\VZ_HighCrashCorridors_Buffer_200,Wards,-1,-1,High Crash Community Areas,Wards,-1,-1;PDs "PDs" true true false 50 Text 0 0 ,First,#,C:\Users\414200\Documents\ArcGIS\Default.gdb\VZ_HighCrashCorridors_Buffer_200,PDs,-1,-1,High Crash Community Areas,PDs,-1,-1;TIF_Name "TIF_Name" true true false 250 Text 0 0 ,First,#,C:\Users\414200\Documents\ArcGIS\Default.gdb\VZ_HighCrashCorridors_Buffer_200,TIF_Name,-1,-1;Shape_Leng "Shape_Leng" true true false 8 Double 0 0 ,First,#,C:\Users\414200\Documents\ArcGIS\Default.gdb\VZ_HighCrashCorridors_Buffer_200,Shape_Leng,-1,-1;JURIS "JURIS" true true false 50 Text 0 0 ,First,#,C:\Users\414200\Documents\ArcGIS\Default.gdb\VZ_HighCrashCorridors_Buffer_200,JURIS,-1,-1;Feet "Feet" true true false 8 Double 0 0 ,First,#,C:\Users\414200\Documents\ArcGIS\Default.gdb\VZ_HighCrashCorridors_Buffer_200,Feet,-1,-1;BUFF_DIST "BUFF_DIST" true true false 8 Double 0 0 ,First,#,C:\Users\414200\Documents\ArcGIS\Default.gdb\VZ_HighCrashCorridors_Buffer_200,BUFF_DIST,-1,-1;ORIG_FID "ORIG_FID" true true false 4 Long 0 0 ,First,#,C:\Users\414200\Documents\ArcGIS\Default.gdb\VZ_HighCrashCorridors_Buffer_200,ORIG_FID,-1,-1;Shape_Length "Shape_Length" false true true 8 Double 0 0 ,First,#,C:\Users\414200\Documents\ArcGIS\Default.gdb\VZ_HighCrashCorridors_Buffer_200,Shape_Length,-1,-1;Shape_Area "Shape_Area" false true true 8 Double 0 0 ,First,#,C:\Users\414200\Documents\ArcGIS\Default.gdb\VZ_HighCrashCorridors_Buffer_200,Shape_Area,-1,-1;AREA_NUMBE "AREA_NUMBE" true true false 2 Text 0 0 ,First,#,High Crash Community Areas,AREA_NUMBE,-1,-1;COMMUNITY "COMMUNITY" true true false 80 Text 0 0 ,First,#,High Crash Community Areas,COMMUNITY,-1,-1;TOTAL_KSI "TOTAL_KSI" true true false 9 Long 0 9 ,First,#,High Crash Community Areas,TOTAL_KSI,-1,-1;POPULATION "POPULATION" true true false 9 Long 0 9 ,First,#,High Crash Community Areas,POPULATION,-1,-1;SQ_MI "SQ_MI" true true false 19 Double 0 0 ,First,#,High Crash Community Areas,SQ_MI,-1,-1;ZONES "ZONES" true true false 4 Short 0 4 ,First,#,High Crash Community Areas,ZONES,-1,-1"</Process><Process Name="Dissolve (2)" ToolSource="c:\program files (x86)\arcgis\desktop10.2\ArcToolbox\Toolboxes\Data Management Tools.tbx\Dissolve" Date="20191021" Time="174149">Dissolve C:\Users\414200\Documents\ArcGIS\Default.gdb\VZ_HighCrashCorridors_Buffer "S:\Divisions\Project Development\0_PEDESTRIAN\Vision Zero\High Crash Areas\VZ_DotMaps_Data\HighCrashCorridors_CommunityAreas_20160919\Combined\High Crash Locations_corridor_buffer_200_merge.shp" # # MULTI_PART DISSOLVE_LINES</Process></lineage><itemProps><itemName Sync="TRUE">High Crash Locations_corridor_buffer_200_merge</itemName><imsContentType Sync="TRUE">002</imsContentType><itemLocation><linkage Sync="TRUE">file://\\dc07nas01\FS08\CDOT\SHARED\Divisions\Project Development\0_PEDESTRIAN\Vision Zero\High Crash Areas\VZ_DotMaps_Data\HighCrashCorridors_CommunityAreas_20160919\Combined\High Crash Locations_corridor_buffer_200_merge.shp</linkage><protocol Sync="TRUE">Local Area Network</protocol></itemLocation><itemSize Sync="TRUE">0.000</itemSize></itemProps><coordRef><type Sync="TRUE">Projected</type><geogcsn Sync="TRUE">GCS_North_American_1983</geogcsn><projcsn Sync="TRUE">NAD_1983_StatePlane_Illinois_East_FIPS_1201_Feet</projcsn><peXml Sync="TRUE">&lt;ProjectedCoordinateSystem xsi:type='typens:ProjectedCoordinateSystem' xmlns:xsi='http://www.w3.org/2001/XMLSchema-instance' xmlns:xs='http://www.w3.org/2001/XMLSchema' xmlns:typens='http://www.esri.com/schemas/ArcGIS/10.1'&gt;&lt;WKT&gt;PROJCS[&amp;quot;NAD_1983_StatePlane_Illinois_East_FIPS_1201_Feet&amp;quot;,GEOGCS[&amp;quot;GCS_North_American_1983&amp;quot;,DATUM[&amp;quot;D_North_American_1983&amp;quot;,SPHEROID[&amp;quot;GRS_1980&amp;quot;,6378137.0,298.257222101]],PRIMEM[&amp;quot;Greenwich&amp;quot;,0.0],UNIT[&amp;quot;Degree&amp;quot;,0.0174532925199433]],PROJECTION[&amp;quot;Transverse_Mercator&amp;quot;],PARAMETER[&amp;quot;False_Easting&amp;quot;,984250.0],PARAMETER[&amp;quot;False_Northing&amp;quot;,0.0],PARAMETER[&amp;quot;Central_Meridian&amp;quot;,-88.33333333333333],PARAMETER[&amp;quot;Scale_Factor&amp;quot;,0.999975],PARAMETER[&amp;quot;Latitude_Of_Origin&amp;quot;,36.66666666666666],UNIT[&amp;quot;Foot_US&amp;quot;,0.3048006096012192],AUTHORITY[&amp;quot;EPSG&amp;quot;,3435]]&lt;/WKT&gt;&lt;XOrigin&gt;-17463800&lt;/XOrigin&gt;&lt;YOrigin&gt;-46132600&lt;/YOrigin&gt;&lt;XYScale&gt;137244822.07846552&lt;/XYScale&gt;&lt;ZOrigin&gt;-100000&lt;/ZOrigin&gt;&lt;ZScale&gt;10000&lt;/ZScale&gt;&lt;MOrigin&gt;-100000&lt;/MOrigin&gt;&lt;MScale&gt;10000&lt;/MScale&gt;&lt;XYTolerance&gt;0.0032808333333333331&lt;/XYTolerance&gt;&lt;ZTolerance&gt;0.001&lt;/ZTolerance&gt;&lt;MTolerance&gt;0.001&lt;/MTolerance&gt;&lt;HighPrecision&gt;true&lt;/HighPrecision&gt;&lt;WKID&gt;102671&lt;/WKID&gt;&lt;LatestWKID&gt;3435&lt;/LatestWKID&gt;&lt;/ProjectedCoordinateSystem&gt;</peXml><csUnits Sync="TRUE">Linear Unit: Foot_US (0.304801)</csUnits></coordRef></DataProperties><SyncDate>20191021</SyncDate><SyncTime>17414900</SyncTime><ModDate>20191021</ModDate><ModTime>17414900</ModTime></Esri><dataIdInfo><envirDesc Sync="TRUE">Microsoft Windows 7 Version 6.1 (Build 7601) Service Pack 1; Esri ArcGIS 10.2.2.3552</envirDesc><dataLang><languageCode value="eng" country="USA"></languageCode><countryCode value="USA" Sync="TRUE"></countryCode></dataLang><idCitation><resTitle Sync="TRUE">High Crash Locations_corridor_buffer_200_merge</resTitle><presForm><PresFormCd value="005"></PresFormCd></presForm></idCitation><descKeys><thesaName uuidref="723f6998-058e-11dc-8314-0800200c9a66"></thesaName><keyword Sync="TRUE">002</keyword></descKeys><spatRpType><SpatRepTypCd value="001"></SpatRepTypCd></spatRpType></dataIdInfo><mdLang><languageCode value="eng"></languageCode><countryCode value="USA" Sync="TRUE"></countryCode></mdLang><distInfo><distFormat><formatName Sync="TRUE">Shapefile</formatName></distFormat><distTranOps><transSize Sync="TRUE">0.000</transSize></distTranOps></distInfo><mdHrLv><ScopeCd value="005"></ScopeCd></mdHrLv><mdHrLvName Sync="TRUE">dataset</mdHrLvName><refSysInfo><RefSystem><refSysID><identCode code="3435"></identCode><idCodeSpace Sync="TRUE">EPSG</idCodeSpace><idVersion Sync="TRUE">8.2.6</idVersion></refSysID></RefSystem></refSysInfo><spdoinfo><ptvctinf><esriterm Name="High Crash Locations_corridor_buffer_200_merge"><efeatyp Sync="TRUE">Simple</efeatyp><efeageom code="4" Sync="TRUE"></efeageom><esritopo Sync="TRUE">FALSE</esritopo><efeacnt Sync="TRUE">0</efeacnt><spindex Sync="TRUE">FALSE</spindex><linrefer Sync="TRUE">FALSE</linrefer></esriterm></ptvctinf></spdoinfo><spatRepInfo><VectSpatRep><geometObjs Name="High Crash Locations_corridor_buffer_200_merge"><geoObjTyp><GeoObjTypCd value="002" Sync="TRUE"></GeoObjTypCd></geoObjTyp><geoObjCnt Sync="TRUE">0</geoObjCnt></geometObjs><topLvl><TopoLevCd value="001" Sync="TRUE"></TopoLevCd></topLvl></VectSpatRep></spatRepInfo><eainfo><detailed Name="High Crash Locations_corridor_buffer_200_merge"><enttyp><enttypl Sync="TRUE">High Crash Locations_corridor_buffer_200_merge</enttypl><enttypt Sync="TRUE">Feature Class</enttypt><enttypc Sync="TRUE">0</enttypc></enttyp><attr><attrlabl Sync="TRUE">FID</attrlabl><attalias Sync="TRUE">FID</attalias><attrtype Sync="TRUE">OID</attrtype><attwidth Sync="TRUE">4</attwidth><atprecis Sync="TRUE">0</atprecis><attscale Sync="TRUE">0</attscale><attrdef Sync="TRUE">Internal feature number.</attrdef><attrdefs Sync="TRUE">Esri</attrdefs><attrdomv><udom Sync="TRUE">Sequential unique whole numbers that are automatically generated.</udom></attrdomv></attr><attr><attrlabl Sync="TRUE">Shape</attrlabl><attalias Sync="TRUE">Shape</attalias><attrtype Sync="TRUE">Geometry</attrtype><attwidth Sync="TRUE">0</attwidth><atprecis Sync="TRUE">0</atprecis><attscale Sync="TRUE">0</attscale><attrdef Sync="TRUE">Feature geometry.</attrdef><attrdefs Sync="TRUE">ESRI</attrdefs><attrdomv><udom Sync="TRUE">Coordinates defining the features.</udom></attrdomv></attr><attr><attrlabl Sync="TRUE">Id</attrlabl><attalias Sync="TRUE">Id</attalias><attrtype Sync="TRUE">Integer</attrtype><attwidth Sync="TRUE">6</attwidth><atprecis Sync="TRUE">6</atprecis><attscale Sync="TRUE">0</attscale></attr></detailed></eainfo><mdDateSt Sync="TRUE">20191021</mdDateSt></metadata>
