<?xml version="1.0" encoding="UTF-8"?>
<metadata xml:lang="en"><Esri><CreaDate>20160621</CreaDate><CreaTime>12481600</CreaTime><ArcGISFormat>1.0</ArcGISFormat><SyncOnce>TRUE</SyncOnce><DataProperties><lineage><Process ToolSource="C:\Program Files\ArcGIS\Desktop10.0\ArcToolbox\Toolboxes\Data Management Tools.tbx\CalculateField" Date="20160511" Time="102146">CalculateField Community_Areas_AllCrashes_TractCount_high_1 P_HighHard "[Count_5] / [Count_4]" VB #</Process><Process ToolSource="C:\Program Files\ArcGIS\Desktop10.0\ArcToolbox\Toolboxes\Data Management Tools.tbx\CalculateField" Date="20160511" Time="144601">CalculateField Community_Areas_AllCrashes_TractCount_high_1 ZONES 1 VB #</Process><Process ToolSource="C:\Program Files\ArcGIS\Desktop10.0\ArcToolbox\Toolboxes\Data Management Tools.tbx\CalculateField" Date="20160511" Time="144621">CalculateField Community_Areas_AllCrashes_TractCount_high_1 ZONES 2 VB #</Process><Process ToolSource="C:\Program Files\ArcGIS\Desktop10.0\ArcToolbox\Toolboxes\Data Management Tools.tbx\CalculateField" Date="20160511" Time="144635">CalculateField Community_Areas_AllCrashes_TractCount_high_1 ZONES 3 VB #</Process><Process ToolSource="C:\Program Files\ArcGIS\Desktop10.0\ArcToolbox\Toolboxes\Data Management Tools.tbx\CalculateField" Date="20160511" Time="144650">CalculateField Community_Areas_AllCrashes_TractCount_high_1 ZONES 4 VB #</Process><Process ToolSource="C:\Program Files\ArcGIS\Desktop10.0\ArcToolbox\Toolboxes\Data Management Tools.tbx\CalculateField" Date="20160511" Time="144707">CalculateField Community_Areas_AllCrashes_TractCount_high_1 ZONES 5 VB #</Process><Process ToolSource="C:\Program Files\ArcGIS\Desktop10.0\ArcToolbox\Toolboxes\Data Management Tools.tbx\CalculateField" Date="20160511" Time="144721">CalculateField Community_Areas_AllCrashes_TractCount_high_1 ZONES 6 VB #</Process><Process ToolSource="C:\Program Files\ArcGIS\Desktop10.0\ArcToolbox\Toolboxes\Data Management Tools.tbx\CalculateField" Date="20160511" Time="144741">CalculateField Community_Areas_AllCrashes_TractCount_high_1 ZONES 7 VB #</Process><Process ToolSource="C:\Program Files\ArcGIS\Desktop10.0\ArcToolbox\Toolboxes\Data Management Tools.tbx\CalculateField" Date="20160512" Time="165631">CalculateField Community_Areas_AllCrashes_TractCount_high_1 ZONES 8 VB #</Process><Process ToolSource="C:\Program Files\ArcGIS\Desktop10.0\ArcToolbox\Toolboxes\Data Management Tools.tbx\CalculateField" Date="20160513" Time="093820">CalculateField "High Crash Zones" ZONES 0 VB #</Process><Process ToolSource="C:\Program Files\ArcGIS\Desktop10.0\ArcToolbox\Toolboxes\Data Management Tools.tbx\CalculateField" Date="20160621" Time="131420">CalculateField VZ_HighCrashCommunityAreas Wards '29, 30, 31, 36, 37' PYTHON_9.3 #</Process><Process ToolSource="C:\Program Files\ArcGIS\Desktop10.0\ArcToolbox\Toolboxes\Data Management Tools.tbx\CalculateField" Date="20160621" Time="131501">CalculateField VZ_HighCrashCommunityAreas Wards '24, 28, 29, 36, 37' PYTHON_9.3 #</Process><Process ToolSource="C:\Program Files\ArcGIS\Desktop10.0\ArcToolbox\Toolboxes\Data Management Tools.tbx\CalculateField" Date="20160621" Time="131532">CalculateField VZ_HighCrashCommunityAreas Wards '1, 26, 27, 28, 36, 37' PYTHON_9.3 #</Process><Process ToolSource="C:\Program Files\ArcGIS\Desktop10.0\ArcToolbox\Toolboxes\Data Management Tools.tbx\CalculateField" Date="20160621" Time="131554">CalculateField VZ_HighCrashCommunityAreas Wards '24, 27, 28, 37' PYTHON_9.3 #</Process><Process ToolSource="C:\Program Files\ArcGIS\Desktop10.0\ArcToolbox\Toolboxes\Data Management Tools.tbx\CalculateField" Date="20160621" Time="131614">CalculateField VZ_HighCrashCommunityAreas Wards '24, 27, 28, 37' PYTHON_9.3 #</Process><Process ToolSource="C:\Program Files\ArcGIS\Desktop10.0\ArcToolbox\Toolboxes\Data Management Tools.tbx\CalculateField" Date="20160621" Time="131643">CalculateField VZ_HighCrashCommunityAreas Wards '1, 2, 26, 27, 32, 42' PYTHON_9.3 #</Process><Process ToolSource="C:\Program Files\ArcGIS\Desktop10.0\ArcToolbox\Toolboxes\Data Management Tools.tbx\CalculateField" Date="20160621" Time="131711">CalculateField VZ_HighCrashCommunityAreas Wards '11, 25, 27, 28, 42' PYTHON_9.3 #</Process><Process ToolSource="C:\Program Files\ArcGIS\Desktop10.0\ArcToolbox\Toolboxes\Data Management Tools.tbx\CalculateField" Date="20160621" Time="131750">CalculateField VZ_HighCrashCommunityAreas Wards '2, 27, 42, 43' PYTHON_9.3 #</Process><Process ToolSource="C:\Program Files\ArcGIS\Desktop10.0\ArcToolbox\Toolboxes\Data Management Tools.tbx\CalculateField" Date="20160621" Time="131810">CalculateField VZ_HighCrashCommunityAreas Wards '3, 4, 25 ,42' PYTHON_9.3 #</Process><Process ToolSource="C:\Program Files\ArcGIS\Desktop10.0\ArcToolbox\Toolboxes\Data Management Tools.tbx\CalculateField" Date="20160621" Time="131829">CalculateField VZ_HighCrashCommunityAreas Wards '12, 22, 24, 28' PYTHON_9.3 #</Process><Process ToolSource="C:\Program Files\ArcGIS\Desktop10.0\ArcToolbox\Toolboxes\Data Management Tools.tbx\CalculateField" Date="20160621" Time="131902">CalculateField VZ_HighCrashCommunityAreas Wards '6, 15, 16, 17, 18, 20' PYTHON_9.3 #</Process><Process ToolSource="C:\Program Files\ArcGIS\Desktop10.0\ArcToolbox\Toolboxes\Data Management Tools.tbx\CalculateField" Date="20160621" Time="131924">CalculateField VZ_HighCrashCommunityAreas Wards '3, 6, 16, 17, 20' PYTHON_9.3 #</Process><Process ToolSource="C:\Program Files\ArcGIS\Desktop10.0\ArcToolbox\Toolboxes\Data Management Tools.tbx\CalculateField" Date="20160621" Time="131958">CalculateField VZ_HighCrashCommunityAreas Wards '3, 4, 5' PYTHON_9.3 #</Process><Process ToolSource="C:\Program Files\ArcGIS\Desktop10.0\ArcToolbox\Toolboxes\Data Management Tools.tbx\CalculateField" Date="20160621" Time="132012">CalculateField VZ_HighCrashCommunityAreas Wards '3, 4, 5, 20' PYTHON_9.3 #</Process><Process ToolSource="C:\Program Files\ArcGIS\Desktop10.0\ArcToolbox\Toolboxes\Data Management Tools.tbx\CalculateField" Date="20160621" Time="140957">CalculateField VZ_HighCrashCommunityAreas PDs '14, 25' PYTHON_9.3 #</Process><Process ToolSource="C:\Program Files\ArcGIS\Desktop10.0\ArcToolbox\Toolboxes\Data Management Tools.tbx\CalculateField" Date="20160621" Time="141014">CalculateField VZ_HighCrashCommunityAreas PDs '14, 25' PYTHON_9.3 #</Process><Process ToolSource="C:\Program Files\ArcGIS\Desktop10.0\ArcToolbox\Toolboxes\Data Management Tools.tbx\CalculateField" Date="20160621" Time="141102">CalculateField VZ_HighCrashCommunityAreas PDs '16, 17, 25' PYTHON_9.3 #</Process><Process ToolSource="C:\Program Files\ArcGIS\Desktop10.0\ArcToolbox\Toolboxes\Data Management Tools.tbx\CalculateField" Date="20160621" Time="141116">CalculateField VZ_HighCrashCommunityAreas PDs '2, 3' PYTHON_9.3 #</Process><Process ToolSource="C:\Program Files\ArcGIS\Desktop10.0\ArcToolbox\Toolboxes\Data Management Tools.tbx\CalculateField" Date="20160621" Time="141129">CalculateField VZ_HighCrashCommunityAreas PDs '2' PYTHON_9.3 #</Process><Process ToolSource="C:\Program Files\ArcGIS\Desktop10.0\ArcToolbox\Toolboxes\Data Management Tools.tbx\CalculateField" Date="20160621" Time="141247">CalculateField VZ_HighCrashCommunityAreas PDs '11, 12, 14, 25' PYTHON_9.3 #</Process><Process ToolSource="C:\Program Files\ArcGIS\Desktop10.0\ArcToolbox\Toolboxes\Data Management Tools.tbx\CalculateField" Date="20160621" Time="141354">CalculateField VZ_HighCrashCommunityAreas PDs '11, 12, 14, 18' PYTHON_9.3 #</Process><Process ToolSource="C:\Program Files\ArcGIS\Desktop10.0\ArcToolbox\Toolboxes\Data Management Tools.tbx\CalculateField" Date="20160621" Time="141423">CalculateField VZ_HighCrashCommunityAreas PDs '10, 11, 15, 25' PYTHON_9.3 #</Process><Process ToolSource="C:\Program Files\ArcGIS\Desktop10.0\ArcToolbox\Toolboxes\Data Management Tools.tbx\CalculateField" Date="20160621" Time="141448">CalculateField VZ_HighCrashCommunityAreas PDs '11' PYTHON_9.3 #</Process><Process ToolSource="C:\Program Files\ArcGIS\Desktop10.0\ArcToolbox\Toolboxes\Data Management Tools.tbx\CalculateField" Date="20160621" Time="141504">CalculateField VZ_HighCrashCommunityAreas PDs '11, 12' PYTHON_9.3 #</Process><Process ToolSource="C:\Program Files\ArcGIS\Desktop10.0\ArcToolbox\Toolboxes\Data Management Tools.tbx\CalculateField" Date="20160621" Time="141555">CalculateField VZ_HighCrashCommunityAreas PDs '1, 9 10, 11, 12, 18' PYTHON_9.3 #</Process><Process ToolSource="C:\Program Files\ArcGIS\Desktop10.0\ArcToolbox\Toolboxes\Data Management Tools.tbx\CalculateField" Date="20160621" Time="141617">CalculateField VZ_HighCrashCommunityAreas PDs '10, 11' PYTHON_9.3 #</Process><Process ToolSource="C:\Program Files\ArcGIS\Desktop10.0\ArcToolbox\Toolboxes\Data Management Tools.tbx\CalculateField" Date="20160621" Time="141636">CalculateField VZ_HighCrashCommunityAreas PDs '1, 12, 14, 18' PYTHON_9.3 #</Process><Process ToolSource="C:\Program Files\ArcGIS\Desktop10.0\ArcToolbox\Toolboxes\Data Management Tools.tbx\CalculateField" Date="20160621" Time="141652">CalculateField VZ_HighCrashCommunityAreas PDs '1, 12, 18' PYTHON_9.3 #</Process><Process ToolSource="C:\Program Files\ArcGIS\Desktop10.0\ArcToolbox\Toolboxes\Data Management Tools.tbx\CalculateField" Date="20160621" Time="141710">CalculateField VZ_HighCrashCommunityAreas PDs '6, 7, 8, 9' PYTHON_9.3 #</Process><Process ToolSource="C:\Program Files\ArcGIS\Desktop10.0\ArcToolbox\Toolboxes\Data Management Tools.tbx\CalculateField" Date="20160621" Time="141747">CalculateField VZ_HighCrashCommunityAreas PDs '2, 3, 6, 7, 9' PYTHON_9.3 #</Process></lineage></DataProperties></Esri></metadata>
